Date,my_state,Sentiment_score
2020-03-01,AK,-0.03545
2020-03-01,AL,-0.06749242424242424
2020-03-01,AR,-0.060260869565217375
2020-03-01,AZ,-0.06658015873015873
2020-03-01,CA,-0.0651521057786485
2020-03-01,CO,-0.019745695364238394
2020-03-01,CT,-0.1397727272727273
2020-03-01,DE,0.046596774193548386
2020-03-01,FL,-0.031178800856531044
2020-03-01,GA,-0.05433288590604026
2020-03-01,HI,-0.013721428571428577
2020-03-01,IA,-0.016300000000000005
2020-03-01,ID,-0.06936785714285716
2020-03-01,IL,0.021935922330097102
2020-03-01,IN,-0.022195738636363628
2020-03-01,KS,0.0017120689655172462
2020-03-01,KY,-0.11760434782608693
2020-03-01,LA,-0.08062499999999999
2020-03-01,MA,0.010832338308457711
2020-03-01,MD,-0.007974074074074076
2020-03-01,ME,-0.011406060606060598
2020-03-01,MI,-0.07963517241379309
2020-03-01,MN,0.02528762886597939
2020-03-01,MO,-0.08866734693877548
2020-03-01,MS,-0.22523333333333329
2020-03-01,MT,0.1188
2020-03-01,NC,0.021452830188679245
2020-03-01,ND,0.3644333333333334
2020-03-01,NE,0.03715434782608693
2020-03-01,NH,0.05158571428571428
2020-03-01,NJ,-0.15824923076923075
2020-03-01,NM,-0.15733684210526314
2020-03-01,NV,-0.02813521126760564
2020-03-01,NY,-0.03832984293193719
2020-03-01,OH,-0.0674530612244898
2020-03-01,OK,-0.11635384615384615
2020-03-01,OR,-0.02386153846153846
2020-03-01,PA,-0.008619574468085114
2020-03-01,RI,0.09373695652173918
2020-03-01,SC,-0.1967045454545455
2020-03-01,SD,0.21280000000000002
2020-03-01,TN,-0.08740530973451328
2020-03-01,TX,-0.05424886363636366
2020-03-01,UT,-0.1225891304347826
2020-03-01,VA,-0.0845556962025316
2020-03-01,VT,-0.20433076923076923
2020-03-01,WA,-0.015018960674157306
2020-03-01,WI,-0.01913369565217393
2020-03-01,WV,-0.2468857142857143
2020-03-01,WY,-0.12598333333333334
2020-03-02,AK,0.0007187499999999902
2020-03-02,AL,-0.02094962962962962
2020-03-02,AR,-0.025109999999999993
2020-03-02,AZ,-0.012529012345679012
2020-03-02,CA,-0.004504556354916063
2020-03-02,CO,0.0053170542635659
2020-03-02,CT,0.08879805825242713
2020-03-02,DE,-0.10489625
2020-03-02,FL,0.029476394849785422
2020-03-02,GA,-0.021537339055793997
2020-03-02,HI,-0.13213928571428576
2020-03-02,IA,-0.017901754385964905
2020-03-02,ID,0.025613888888888867
2020-03-02,IL,0.03273239875389406
2020-03-02,IN,-0.048123404255319156
2020-03-02,KS,0.018623437499999992
2020-03-02,KY,-0.060626315789473695
2020-03-02,LA,-0.01314646464646465
2020-03-02,MA,-0.022403395061728386
2020-03-02,MD,0.0048814814814814745
2020-03-02,ME,-0.14865
2020-03-02,MI,-0.04248054298642533
2020-03-02,MN,0.040449735449735444
2020-03-02,MO,0.08644871794871797
2020-03-02,MS,-0.01812500000000002
2020-03-02,MT,0.14966857142857143
2020-03-02,NC,0.025069594594594596
2020-03-02,ND,-0.11020000000000005
2020-03-02,NE,-0.04627619047619048
2020-03-02,NH,0.06959714285714286
2020-03-02,NJ,0.007467241379310359
2020-03-02,NM,-0.11911739130434783
2020-03-02,NV,-0.047463291139240506
2020-03-02,NY,0.05824058171745151
2020-03-02,OH,-0.035456326530612245
2020-03-02,OK,0.005181818181818197
2020-03-02,OR,0.017362634408602137
2020-03-02,PA,-0.0010502941176470679
2020-03-02,RI,0.08206
2020-03-02,SC,0.044356338028169004
2020-03-02,SD,0.10672000000000001
2020-03-02,TN,-0.07051764705882348
2020-03-02,TX,0.0181273607748184
2020-03-02,UT,-0.0085150684931507
2020-03-02,VA,-0.05428641114982579
2020-03-02,VT,-0.033771153846153854
2020-03-02,WA,-0.008955649500384315
2020-03-02,WI,0.03215428571428571
2020-03-02,WV,0.0176357142857143
2020-03-02,WY,-0.07816999999999999
2020-03-03,AK,0.08514901960784312
2020-03-03,AL,0.04233577235772359
2020-03-03,AR,-0.04257777777777778
2020-03-03,AZ,0.002153061224489791
2020-03-03,CA,-0.04840042219541619
2020-03-03,CO,0.07449839228295821
2020-03-03,CT,-0.03933984962406014
2020-03-03,DE,-0.00970275229357796
2020-03-03,FL,-0.001770087609511902
2020-03-03,GA,0.05947913669064746
2020-03-03,HI,-0.0007913043478260723
2020-03-03,IA,-0.05841195652173912
2020-03-03,ID,-0.015554545454545458
2020-03-03,IL,0.005202335456475577
2020-03-03,IN,-0.00806254071661239
2020-03-03,KS,-0.016607971014492757
2020-03-03,KY,-0.004673758865248241
2020-03-03,LA,0.003180000000000002
2020-03-03,MA,0.05645503875968995
2020-03-03,MD,0.007923643410852702
2020-03-03,ME,-0.09133867924528302
2020-03-03,MI,0.01821223628691983
2020-03-03,MN,0.009801941747572814
2020-03-03,MO,-0.03548181818181818
2020-03-03,MS,-0.07754827586206896
2020-03-03,MT,-0.02231333333333333
2020-03-03,NC,0.11717792642140469
2020-03-03,ND,0.09026363636363637
2020-03-03,NE,0.037342857142857136
2020-03-03,NH,0.12628421052631578
2020-03-03,NJ,-0.04416307692307692
2020-03-03,NM,0.042226
2020-03-03,NV,-0.0427940170940171
2020-03-03,NY,0.004106512141280369
2020-03-03,OH,0.028513749999999987
2020-03-03,OK,0.015552040816326523
2020-03-03,OR,0.017169026548672573
2020-03-03,PA,0.041701843317972366
2020-03-03,RI,0.09451153846153847
2020-03-03,SC,-0.1317336734693878
2020-03-03,SD,0.15159375000000003
2020-03-03,TN,0.009401562500000009
2020-03-03,TX,-0.044900842105263176
2020-03-03,UT,0.01266181818181818
2020-03-03,VA,-0.006364086687306499
2020-03-03,VT,0.0074880597014925325
2020-03-03,WA,0.02520818937939862
2020-03-03,WI,-0.06588411764705882
2020-03-03,WV,-0.13158888888888887
2020-03-03,WY,0.04812857142857142
2020-03-04,AK,0.05026382978723405
2020-03-04,AL,0.0629330357142857
2020-03-04,AR,-0.07919130434782608
2020-03-04,AZ,-0.015247422680412365
2020-03-04,CA,-0.019056631366616242
2020-03-04,CO,-0.017778832116788327
2020-03-04,CT,0.011145588235294128
2020-03-04,DE,-0.01500810810810811
2020-03-04,FL,0.004533911882510007
2020-03-04,GA,0.039086792452830185
2020-03-04,HI,0.003998305084745768
2020-03-04,IA,0.06631612903225806
2020-03-04,ID,0.07206976744186047
2020-03-04,IL,0.03478409090909096
2020-03-04,IN,-0.00915578125
2020-03-04,KS,0.0653755102040816
2020-03-04,KY,-0.02488285714285715
2020-03-04,LA,0.016723125000000005
2020-03-04,MA,0.039898058252427156
2020-03-04,MD,0.056002880658436185
2020-03-04,ME,-0.02712946428571426
2020-03-04,MI,0.026142796610169498
2020-03-04,MN,-0.03892700000000001
2020-03-04,MO,0.10809119999999997
2020-03-04,MS,0.029996153846153846
2020-03-04,MT,0.008854901960784303
2020-03-04,NC,0.050268060836501864
2020-03-04,ND,0.07410625
2020-03-04,NE,0.006755172413793105
2020-03-04,NH,0.19349444444444444
2020-03-04,NJ,0.04466153846153848
2020-03-04,NM,0.004505714285714259
2020-03-04,NV,-0.054328971962616796
2020-03-04,NY,0.012493179805137318
2020-03-04,OH,-0.02344655172413793
2020-03-04,OK,0.009566371681415924
2020-03-04,OR,-0.01942679045092838
2020-03-04,PA,0.02730800970873784
2020-03-04,RI,-0.02477241379310345
2020-03-04,SC,0.08070112359550562
2020-03-04,SD,0.3122
2020-03-04,TN,0.04501304347826089
2020-03-04,TX,0.01636444683136412
2020-03-04,UT,0.06238796296296295
2020-03-04,VA,0.01578892045454546
2020-03-04,VT,0.15865849056603779
2020-03-04,WA,0.02057797118847541
2020-03-04,WI,0.002708227848101257
2020-03-04,WV,0.15100952380952382
2020-03-04,WY,0.1324470588235294
2020-03-05,AK,0.027646296296296308
2020-03-05,AL,0.011074452554744518
2020-03-05,AR,0.022633962264150934
2020-03-05,AZ,0.013242060085836909
2020-03-05,CA,-0.05038397212543561
2020-03-05,CO,0.0515018276762402
2020-03-05,CT,-0.02534104477611941
2020-03-05,DE,-0.02149649122807017
2020-03-05,FL,0.008089228886168906
2020-03-05,GA,0.049290841584158473
2020-03-05,HI,-0.016704761904761906
2020-03-05,IA,-0.017359036144578326
2020-03-05,ID,0.04847884615384616
2020-03-05,IL,0.017230549898166997
2020-03-05,IN,0.010040996784565912
2020-03-05,KS,0.030297826086956532
2020-03-05,KY,-0.08177622377622379
2020-03-05,LA,-0.13169768786127167
2020-03-05,MA,0.05738282352941176
2020-03-05,MD,0.07850040000000003
2020-03-05,ME,-0.07096612903225809
2020-03-05,MI,-0.015320703124999991
2020-03-05,MN,-0.024144688644688647
2020-03-05,MO,0.08928544303797464
2020-03-05,MS,0.00989736842105264
2020-03-05,MT,-0.03414545454545455
2020-03-05,NC,0.0561418367346939
2020-03-05,ND,0.1503904761904762
2020-03-05,NE,-0.0427741935483871
2020-03-05,NH,0.18122051282051282
2020-03-05,NJ,-0.055448717948717974
2020-03-05,NM,0.00790943396226415
2020-03-05,NV,0.03345549450549448
2020-03-05,NY,0.023580298189563368
2020-03-05,OH,0.018354716981132092
2020-03-05,OK,0.015252777777777757
2020-03-05,OR,0.0002157107231920211
2020-03-05,PA,0.01908352402745994
2020-03-05,RI,-0.11309090909090909
2020-03-05,SC,0.026199999999999994
2020-03-05,SD,-0.07992727272727274
2020-03-05,TN,0.08908343373493971
2020-03-05,TX,0.03778841240875908
2020-03-05,UT,0.005361666666666679
2020-03-05,VA,0.0002917312661498754
2020-03-05,VT,0.07102978723404256
2020-03-05,WA,0.037332928942807535
2020-03-05,WI,0.042888414634146374
2020-03-05,WV,-0.003730769230769217
2020-03-05,WY,0.002618750000000003
2020-03-06,AK,0.066625
2020-03-06,AL,0.023294193548387104
2020-03-06,AR,0.022021428571428577
2020-03-06,AZ,-0.016086166007905134
2020-03-06,CA,0.01474976851851844
2020-03-06,CO,0.06510522022838501
2020-03-06,CT,0.04196167664670658
2020-03-06,DE,0.03056990291262134
2020-03-06,FL,0.002828091106290677
2020-03-06,GA,0.06384580152671762
2020-03-06,HI,0.005965432098765438
2020-03-06,IA,-0.04197227722772277
2020-03-06,ID,0.011350847457627121
2020-03-06,IL,0.012056153846153843
2020-03-06,IN,0.013241543700340514
2020-03-06,KS,0.038402142857142864
2020-03-06,KY,-0.000637575757575757
2020-03-06,LA,-0.051916216216216206
2020-03-06,MA,0.10824308300395259
2020-03-06,MD,0.07359352818371599
2020-03-06,ME,-0.0432673469387755
2020-03-06,MI,0.023932014388489194
2020-03-06,MN,0.030284090909090903
2020-03-06,MO,-0.05359887005649719
2020-03-06,MS,-0.021728571428571434
2020-03-06,MT,-0.013344999999999992
2020-03-06,NC,0.059943533123028435
2020-03-06,ND,0.06780769230769229
2020-03-06,NE,0.07000964912280701
2020-03-06,NH,0.12630392156862746
2020-03-06,NJ,0.015073224043715852
2020-03-06,NM,-0.010362
2020-03-06,NV,0.06807699115044247
2020-03-06,NY,0.03540370009737102
2020-03-06,OH,0.03249584415584416
2020-03-06,OK,0.01045900621118015
2020-03-06,OR,-0.003526400000000002
2020-03-06,PA,0.0705215657311669
2020-03-06,RI,-0.011824999999999997
2020-03-06,SC,0.008551086956521731
2020-03-06,SD,0.24476250000000005
2020-03-06,TN,0.018638079470198687
2020-03-06,TX,0.039393026941362895
2020-03-06,UT,0.00443534482758621
2020-03-06,VA,0.03733105882352941
2020-03-06,VT,-0.05073958333333333
2020-03-06,WA,0.048874012474012477
2020-03-06,WI,0.017771186440677957
2020-03-06,WV,0.054872093023255804
2020-03-06,WY,0.11573499999999999
2020-03-07,AK,0.0609452380952381
2020-03-07,AL,-0.012226119402985071
2020-03-07,AR,-0.0537
2020-03-07,AZ,0.026148920863309354
2020-03-07,CA,-0.0030113062098500987
2020-03-07,CO,0.017534020618556703
2020-03-07,CT,0.051776223776223804
2020-03-07,DE,0.05858793103448277
2020-03-07,FL,-0.035412849740932645
2020-03-07,GA,-0.001249999999999982
2020-03-07,HI,0.0921078260869565
2020-03-07,IA,0.04706666666666665
2020-03-07,ID,0.004510714285714293
2020-03-07,IL,0.02082436781609197
2020-03-07,IN,-0.008830208333333334
2020-03-07,KS,-0.07825289256198348
2020-03-07,KY,0.007252413793103446
2020-03-07,LA,-0.012183870967741916
2020-03-07,MA,0.05835421412300688
2020-03-07,MD,0.04516459854014603
2020-03-07,ME,0.047585576923076925
2020-03-07,MI,0.05232307692307694
2020-03-07,MN,0.006629657794676807
2020-03-07,MO,-0.0932952662721894
2020-03-07,MS,0.0041179487179487115
2020-03-07,MT,-0.17662380952380946
2020-03-07,NC,0.024675423728813563
2020-03-07,ND,0.22041111111111114
2020-03-07,NE,0.01631875
2020-03-07,NH,0.1434219512195122
2020-03-07,NJ,-0.06364331210191082
2020-03-07,NM,-0.04782000000000001
2020-03-07,NV,0.00016569767441859996
2020-03-07,NY,0.009616766467065876
2020-03-07,OH,-0.030649526813880112
2020-03-07,OK,-0.050093600000000016
2020-03-07,OR,-0.01382442159383034
2020-03-07,PA,-0.01054999999999999
2020-03-07,RI,0.10396486486486486
2020-03-07,SC,0.11351698113207545
2020-03-07,SD,-0.30272777777777776
2020-03-07,TN,-0.0033765624999999976
2020-03-07,TX,-0.015229561671763479
2020-03-07,UT,0.027986746987951804
2020-03-07,VA,-0.024844141689373284
2020-03-07,VT,0.09453928571428569
2020-03-07,WA,0.032591117478510005
2020-03-07,WI,0.023226495726495728
2020-03-07,WV,0.03083055555555552
2020-03-07,WY,0.04914444444444445
2020-03-08,AK,0.10838043478260868
2020-03-08,AL,0.02293412698412698
2020-03-08,AR,0.04159814814814814
2020-03-08,AZ,-0.0358133333333333
2020-03-08,CA,0.004912929292929294
2020-03-08,CO,0.061717630057803514
2020-03-08,CT,0.019496575342465742
2020-03-08,DE,0.03243222222222222
2020-03-08,FL,-0.011550320924261852
2020-03-08,GA,0.038873851590106
2020-03-08,HI,-0.05115084745762713
2020-03-08,IA,0.025807865168539335
2020-03-08,ID,0.07746666666666667
2020-03-08,IL,0.010579104477611944
2020-03-08,IN,-0.07103655737704916
2020-03-08,KS,0.05496466165413534
2020-03-08,KY,-0.04091205673758864
2020-03-08,LA,0.004728994082840247
2020-03-08,MA,0.06097223529411772
2020-03-08,MD,0.07484468864468867
2020-03-08,ME,0.0054448275862068905
2020-03-08,MI,-0.007955329949238588
2020-03-08,MN,0.02784417475728154
2020-03-08,MO,0.09192730923694784
2020-03-08,MS,0.057483333333333345
2020-03-08,MT,0.0011452380952380655
2020-03-08,NC,-0.04447462686567166
2020-03-08,ND,0.038188888888888876
2020-03-08,NE,-0.01505154639175258
2020-03-08,NH,0.17952857142857143
2020-03-08,NJ,0.010769747899159665
2020-03-08,NM,0.1282666666666667
2020-03-08,NV,0.07575585585585583
2020-03-08,NY,0.01762270916334661
2020-03-08,OH,-0.013942123287671224
2020-03-08,OK,-0.053474725274725285
2020-03-08,OR,0.0024915000000000098
2020-03-08,PA,-0.027628854625550675
2020-03-08,RI,0.16224999999999998
2020-03-08,SC,0.08324383561643836
2020-03-08,SD,0.04531
2020-03-08,TN,-0.043718410041841016
2020-03-08,TX,-0.025371462829736204
2020-03-08,UT,-0.018006060606060602
2020-03-08,VA,0.024256834532374105
2020-03-08,VT,0.09052222222222223
2020-03-08,WA,0.04898318318318321
2020-03-08,WI,-0.053451304347826085
2020-03-08,WV,-0.03445200000000002
2020-03-08,WY,0.08601249999999998
2020-03-09,AK,-0.012105970149253744
2020-03-09,AL,-0.09018102766798418
2020-03-09,AR,0.005011009174311937
2020-03-09,AZ,-0.01403312757201644
2020-03-09,CA,-0.006106342015855026
2020-03-09,CO,0.007617654808959174
2020-03-09,CT,-0.012120629370629363
2020-03-09,DE,-0.06767300613496932
2020-03-09,FL,-0.03377793148880105
2020-03-09,GA,0.025711764705882392
2020-03-09,HI,0.060283766233766266
2020-03-09,IA,0.016339406779661017
2020-03-09,ID,0.08192409638554217
2020-03-09,IL,-0.014558523344191093
2020-03-09,IN,-0.000823454699407283
2020-03-09,KS,0.0036387543252594913
2020-03-09,KY,0.07166931216931217
2020-03-09,LA,-0.026764070351758835
2020-03-09,MA,0.025270374574347346
2020-03-09,MD,0.012917550274223085
2020-03-09,ME,-0.047679532163742704
2020-03-09,MI,-0.0017609243697478934
2020-03-09,MN,-0.058675968992248057
2020-03-09,MO,-0.03793877118644068
2020-03-09,MS,-0.025232394366197192
2020-03-09,MT,0.03645151515151513
2020-03-09,NC,-0.006989937106918237
2020-03-09,ND,0.07153666666666668
2020-03-09,NE,0.05350366492146592
2020-03-09,NH,-0.022007954545454532
2020-03-09,NJ,-0.034119287833827866
2020-03-09,NM,-0.047858139534883735
2020-03-09,NV,-0.0034441406249999954
2020-03-09,NY,-0.006555263157894736
2020-03-09,OH,-0.0027454193548387337
2020-03-09,OK,-0.059735227272727294
2020-03-09,OR,0.016927514792899407
2020-03-09,PA,-0.013515563839701763
2020-03-09,RI,0.05563484848484851
2020-03-09,SC,-0.02747030303030303
2020-03-09,SD,-0.018447058823529414
2020-03-09,TN,-0.01055032537960953
2020-03-09,TX,0.009500643086816711
2020-03-09,UT,-0.009215384615384617
2020-03-09,VA,0.022604497354497356
2020-03-09,VT,0.14572249999999995
2020-03-09,WA,0.027985367928540925
2020-03-09,WI,-0.04747277486910993
2020-03-09,WV,0.06198510638297873
2020-03-09,WY,-0.06778695652173913
2020-03-10,AK,0.08222874999999999
2020-03-10,AL,-0.01099756097560976
2020-03-10,AR,0.06816285714285712
2020-03-10,AZ,-0.023495008912655987
2020-03-10,CA,0.014544466936572187
2020-03-10,CO,0.024937447257383963
2020-03-10,CT,0.007783614457831319
2020-03-10,DE,-0.00014342105263157314
2020-03-10,FL,-0.0053034890965732
2020-03-10,GA,-0.009878811659192821
2020-03-10,HI,0.03516573426573426
2020-03-10,IA,0.029868013468013484
2020-03-10,ID,-0.05964646464646463
2020-03-10,IL,0.015459621993127115
2020-03-10,IN,0.013427610872675293
2020-03-10,KS,-0.013101079136690641
2020-03-10,KY,0.029572169811320735
2020-03-10,LA,0.027573594132029318
2020-03-10,MA,0.06074081469648544
2020-03-10,MD,0.06916715758468324
2020-03-10,ME,-0.023290404040404045
2020-03-10,MI,-0.009108032786885227
2020-03-10,MN,0.0031846034214618973
2020-03-10,MO,-0.01590388601036269
2020-03-10,MS,-0.10799677419354838
2020-03-10,MT,-0.005245714285714297
2020-03-10,NC,0.01497709923664123
2020-03-10,ND,0.0432275
2020-03-10,NE,0.12141492537313438
2020-03-10,NH,-0.00022100000000001952
2020-03-10,NJ,-0.007786680761099371
2020-03-10,NM,-0.038964935064935056
2020-03-10,NV,0.04955218855218855
2020-03-10,NY,0.02988457031249988
2020-03-10,OH,0.015619100236779796
2020-03-10,OK,-0.02702355371900827
2020-03-10,OR,0.019135552407932018
2020-03-10,PA,0.018937597911227202
2020-03-10,RI,0.10467666666666667
2020-03-10,SC,0.09307014925373139
2020-03-10,SD,0.03893333333333334
2020-03-10,TN,-0.013954148471615737
2020-03-10,TX,-0.000798880778588854
2020-03-10,UT,0.008296085409252685
2020-03-10,VA,0.010400440044004382
2020-03-10,VT,0.0807901639344262
2020-03-10,WA,0.04992678442682042
2020-03-10,WI,-0.05667967289719625
2020-03-10,WV,-0.02662456140350877
2020-03-10,WY,0.10766842105263161
2020-03-11,AK,-0.02993065693430657
2020-03-11,AL,0.03490052356020941
2020-03-11,AR,0.08501714285714279
2020-03-11,AZ,-0.01513958620689655
2020-03-11,CA,0.028647118055555667
2020-03-11,CO,0.08320721030042905
2020-03-11,CT,0.09042158671586709
2020-03-11,DE,-0.010613538461538468
2020-03-11,FL,0.023206069227121907
2020-03-11,GA,0.061068535262206146
2020-03-11,HI,-0.016982872928176802
2020-03-11,IA,0.05902138613861389
2020-03-11,ID,0.030259055118110237
2020-03-11,IL,0.02939355040701314
2020-03-11,IN,0.02554627895515034
2020-03-11,KS,0.040747654320987675
2020-03-11,KY,0.05314884105960266
2020-03-11,LA,0.04587522388059701
2020-03-11,MA,0.060485277136258606
2020-03-11,MD,0.05379265033407578
2020-03-11,ME,0.0204056
2020-03-11,MI,0.051059513274336304
2020-03-11,MN,0.056004452054794505
2020-03-11,MO,0.02820030120481929
2020-03-11,MS,0.0320551282051282
2020-03-11,MT,0.1392879310344828
2020-03-11,NC,0.060590380047505964
2020-03-11,ND,0.05240847457627117
2020-03-11,NE,0.06835694822888283
2020-03-11,NH,0.033749579831932754
2020-03-11,NJ,0.06287454873646213
2020-03-11,NM,0.05438791208791207
2020-03-11,NV,0.009917302798982182
2020-03-11,NY,0.02538683818046231
2020-03-11,OH,0.01502326968973741
2020-03-11,OK,0.02123517441860463
2020-03-11,OR,0.03247447698744769
2020-03-11,PA,0.06633709775349124
2020-03-11,RI,0.038959055118110215
2020-03-11,SC,0.062423220973782764
2020-03-11,SD,0.08090000000000001
2020-03-11,TN,0.025680677540777914
2020-03-11,TX,0.024199842964824084
2020-03-11,UT,-0.010262972972972984
2020-03-11,VA,0.03817062445030784
2020-03-11,VT,0.1515276119402986
2020-03-11,WA,0.042562547472976844
2020-03-11,WI,0.056307563025210096
2020-03-11,WV,0.059056338028168995
2020-03-11,WY,0.044721428571428586
2020-03-12,AK,0.05433575129533682
2020-03-12,AL,0.06641869158878494
2020-03-12,AR,0.051369000000000005
2020-03-12,AZ,0.01835138620245004
2020-03-12,CA,0.04454181237390689
2020-03-12,CO,0.06799873471109234
2020-03-12,CT,0.03805590118938702
2020-03-12,DE,0.03531396957123098
2020-03-12,FL,0.04779839100727363
2020-03-12,GA,0.038180716660509796
2020-03-12,HI,0.06860106382978724
2020-03-12,IA,0.06449935205183577
2020-03-12,ID,0.0414501766784452
2020-03-12,IL,0.05851864795918357
2020-03-12,IN,0.040486244841815795
2020-03-12,KS,0.031315088529638116
2020-03-12,KY,0.0519228143213989
2020-03-12,LA,0.036297525083612024
2020-03-12,MA,0.0922296549580352
2020-03-12,MD,0.09938284080076262
2020-03-12,ME,0.051461886304909485
2020-03-12,MI,0.05261963369963365
2020-03-12,MN,0.06221562499999998
2020-03-12,MO,0.0511821428571429
2020-03-12,MS,0.05234524714828902
2020-03-12,MT,0.0021124087591240788
2020-03-12,NC,0.07341215130023641
2020-03-12,ND,0.05745868263473054
2020-03-12,NE,0.07139454022988509
2020-03-12,NH,0.14843091787439616
2020-03-12,NJ,0.08268537005163504
2020-03-12,NM,0.03694757281553395
2020-03-12,NV,0.03274821852731592
2020-03-12,NY,0.06110076857386818
2020-03-12,OH,0.07834604820627801
2020-03-12,OK,0.06346214592274686
2020-03-12,OR,0.0431179273084479
2020-03-12,PA,0.05931293217207706
2020-03-12,RI,0.09884058577405856
2020-03-12,SC,0.056552968036529684
2020-03-12,SD,0.09246037735849055
2020-03-12,TN,0.039043480466768025
2020-03-12,TX,0.040032753863134485
2020-03-12,UT,0.0922094051446947
2020-03-12,VA,0.0612209903917222
2020-03-12,VT,0.004290259740259741
2020-03-12,WA,0.0623202924770085
2020-03-12,WI,0.05097681159420301
2020-03-12,WV,0.0981393442622951
2020-03-12,WY,0.0294410447761194
2020-03-13,AK,0.07417538940809974
2020-03-13,AL,0.06271054882394868
2020-03-13,AR,0.06334247787610615
2020-03-13,AZ,0.043076357652221564
2020-03-13,CA,0.07272270964962632
2020-03-13,CO,0.07581116965226571
2020-03-13,CT,0.12301539721539718
2020-03-13,DE,0.05554765342960282
2020-03-13,FL,0.08683959381739721
2020-03-13,GA,0.07552678571428566
2020-03-13,HI,0.05736099137931036
2020-03-13,IA,0.06845710116731506
2020-03-13,ID,0.04486771844660194
2020-03-13,IL,0.07466069977426626
2020-03-13,IN,0.05548347663551387
2020-03-13,KS,0.06906121091151017
2020-03-13,KY,0.07544933628318583
2020-03-13,LA,0.07250208216094538
2020-03-13,MA,0.11184606421543228
2020-03-13,MD,0.09703096578605469
2020-03-13,ME,0.09404820051413876
2020-03-13,MI,0.08872229769639677
2020-03-13,MN,0.07869871434310971
2020-03-13,MO,0.043659374999999945
2020-03-13,MS,0.101748948374761
2020-03-13,MT,0.07199802259887013
2020-03-13,NC,0.09033090128755394
2020-03-13,ND,0.13070384615384617
2020-03-13,NE,0.10716659090909085
2020-03-13,NH,0.1559543859649122
2020-03-13,NJ,0.12587401676337895
2020-03-13,NM,0.03474454545454546
2020-03-13,NV,0.04238282025819264
2020-03-13,NY,0.07889328673365383
2020-03-13,OH,0.0869845198279985
2020-03-13,OK,0.06094939999999994
2020-03-13,OR,0.07502344559585498
2020-03-13,PA,0.09421600365797851
2020-03-13,RI,0.130497628458498
2020-03-13,SC,0.09000216284987268
2020-03-13,SD,0.12165692307692309
2020-03-13,TN,0.06502987364620927
2020-03-13,TX,0.06539107179592712
2020-03-13,UT,0.07863646616541342
2020-03-13,VA,0.09667749406175746
2020-03-13,VT,0.06588972602739729
2020-03-13,WA,0.08833217183136079
2020-03-13,WI,0.09311175771971514
2020-03-13,WV,0.08683509234828501
2020-03-13,WY,0.07783900709219857
2020-03-14,AK,-0.013801851851851855
2020-03-14,AL,0.09419161205766718
2020-03-14,AR,0.0456241095890411
2020-03-14,AZ,0.046789044697633723
2020-03-14,CA,0.0719560732684598
2020-03-14,CO,0.0903824619457311
2020-03-14,CT,0.14443202511773903
2020-03-14,DE,0.027436902485659668
2020-03-14,FL,0.05212116271916341
2020-03-14,GA,0.07029834710743806
2020-03-14,HI,0.07687573099415206
2020-03-14,IA,0.08739463917525771
2020-03-14,ID,0.01098804780876494
2020-03-14,IL,0.10075060827250615
2020-03-14,IN,0.03229928131416829
2020-03-14,KS,0.05070474198047418
2020-03-14,KY,0.0966280575539568
2020-03-14,LA,0.06098638297872337
2020-03-14,MA,0.11207799671592783
2020-03-14,MD,0.10196744995648394
2020-03-14,ME,0.04390579064587977
2020-03-14,MI,0.09387251069028725
2020-03-14,MN,0.11278569131832772
2020-03-14,MO,0.07400509413067549
2020-03-14,MS,0.047365094339622625
2020-03-14,MT,0.04375037878787876
2020-03-14,NC,0.1124112994350283
2020-03-14,ND,0.1010223529411765
2020-03-14,NE,0.10454675925925914
2020-03-14,NH,0.10413168316831685
2020-03-14,NJ,0.09174664179104461
2020-03-14,NM,0.03461806722689076
2020-03-14,NV,0.11009876923076913
2020-03-14,NY,0.07478860759493691
2020-03-14,OH,0.0897444444444445
2020-03-14,OK,0.07543602584814224
2020-03-14,OR,0.06368111025443322
2020-03-14,PA,0.09942041884816748
2020-03-14,RI,0.05904586466165414
2020-03-14,SC,0.06945900783289818
2020-03-14,SD,0.09101176470588239
2020-03-14,TN,0.039647860962566825
2020-03-14,TX,0.07777561747941697
2020-03-14,UT,0.0931111821086261
2020-03-14,VA,0.05303693864642629
2020-03-14,VT,0.14200949999999998
2020-03-14,WA,0.0870112776025236
2020-03-14,WI,0.06247524219590944
2020-03-14,WV,0.11922841530054658
2020-03-14,WY,0.02375375
2020-03-15,AK,-0.09299708029197079
2020-03-15,AL,0.05157432258064518
2020-03-15,AR,0.021698223350253797
2020-03-15,AZ,0.02607254901960789
2020-03-15,CA,0.052765540366262034
2020-03-15,CO,0.0855492557510148
2020-03-15,CT,0.09302780656303979
2020-03-15,DE,0.05983287671232876
2020-03-15,FL,0.04686078431372543
2020-03-15,GA,0.045632227488151676
2020-03-15,HI,0.06039353612167305
2020-03-15,IA,0.06619135135135136
2020-03-15,ID,0.0720370656370657
2020-03-15,IL,0.05649502572898787
2020-03-15,IN,0.029953109500190808
2020-03-15,KS,0.06143053311793223
2020-03-15,KY,0.09140167173252284
2020-03-15,LA,0.037127704194260536
2020-03-15,MA,0.09285371273712728
2020-03-15,MD,0.052743957115009725
2020-03-15,ME,0.05009842696629215
2020-03-15,MI,0.090039098740888
2020-03-15,MN,0.08811140408701372
2020-03-15,MO,0.07339143686502171
2020-03-15,MS,0.07356143790849669
2020-03-15,MT,0.039654275092936814
2020-03-15,NC,0.09183684668989543
2020-03-15,ND,0.10352916666666667
2020-03-15,NE,0.08977902439024396
2020-03-15,NH,0.13215088757396454
2020-03-15,NJ,0.09411144278606962
2020-03-15,NM,0.11989748427672964
2020-03-15,NV,0.09144548238897385
2020-03-15,NY,0.06056752865902445
2020-03-15,OH,0.06873598834385629
2020-03-15,OK,0.03105249500998001
2020-03-15,OR,-0.011541766109785185
2020-03-15,PA,0.0607036311514573
2020-03-15,RI,0.05331437908496732
2020-03-15,SC,0.11537005870841487
2020-03-15,SD,0.12182608695652175
2020-03-15,TN,0.0628886210221794
2020-03-15,TX,0.05240630608780027
2020-03-15,UT,0.0732466926070039
2020-03-15,VA,0.04517968253968256
2020-03-15,VT,0.09791099476439795
2020-03-15,WA,0.05897316928550247
2020-03-15,WI,0.07922730496453896
2020-03-15,WV,0.03947515527950309
2020-03-15,WY,0.030189
2020-03-16,AK,0.08878011363636366
2020-03-16,AL,0.10623133802816886
2020-03-16,AR,0.11151546572934984
2020-03-16,AZ,0.07607432712215309
2020-03-16,CA,0.08994230835934723
2020-03-16,CO,0.11609317180616742
2020-03-16,CT,0.11015937859608742
2020-03-16,DE,0.048665244865718764
2020-03-16,FL,0.09164290343486692
2020-03-16,GA,0.1047236863379146
2020-03-16,HI,0.105889367816092
2020-03-16,IA,0.11455207612456743
2020-03-16,ID,0.058300307692307665
2020-03-16,IL,0.12101290055248623
2020-03-16,IN,0.047170770392749306
2020-03-16,KS,0.0969078669910787
2020-03-16,KY,0.06470520134228176
2020-03-16,LA,0.11268483184625937
2020-03-16,MA,0.13333768456375852
2020-03-16,MD,0.13397276286353488
2020-03-16,ME,0.07936950240770464
2020-03-16,MI,0.09660893831305088
2020-03-16,MN,0.11967713498622583
2020-03-16,MO,0.1097875928677563
2020-03-16,MS,0.122671772428884
2020-03-16,MT,0.1690227118644068
2020-03-16,NC,0.12935821550463225
2020-03-16,ND,0.14227245508982034
2020-03-16,NE,0.13271883116883107
2020-03-16,NH,0.09474008620689654
2020-03-16,NJ,0.1132027928626843
2020-03-16,NM,0.07407076271186439
2020-03-16,NV,0.06738233970753657
2020-03-16,NY,0.09445118914901508
2020-03-16,OH,0.09259673333333322
2020-03-16,OK,0.08147282398452599
2020-03-16,OR,0.038197279716144235
2020-03-16,PA,0.11146516666666623
2020-03-16,RI,0.08200043103448278
2020-03-16,SC,0.08519358490566042
2020-03-16,SD,0.07002341772151895
2020-03-16,TN,0.09141770308123255
2020-03-16,TX,0.09179558319039428
2020-03-16,UT,0.09765974025974021
2020-03-16,VA,0.10536730543605774
2020-03-16,VT,0.0972792307692308
2020-03-16,WA,0.0861494752623688
2020-03-16,WI,0.1267165075034109
2020-03-16,WV,0.0751804428044281
2020-03-16,WY,0.12277076923076928
2020-03-17,AK,0.09254324324324323
2020-03-17,AL,0.10885694779116475
2020-03-17,AR,0.0924862254025045
2020-03-17,AZ,0.08065966042154556
2020-03-17,CA,0.09072183593750031
2020-03-17,CO,0.09885474120082817
2020-03-17,CT,0.07120135841170316
2020-03-17,DE,0.061361481481481454
2020-03-17,FL,0.08084595671981741
2020-03-17,GA,0.10264160030337491
2020-03-17,HI,0.05994508196721311
2020-03-17,IA,0.1268777027027026
2020-03-17,ID,0.08336050000000006
2020-03-17,IL,0.08799643328929964
2020-03-17,IN,0.052374790719923285
2020-03-17,KS,0.08808380386329866
2020-03-17,KY,0.09721080422420803
2020-03-17,LA,0.08550929596719062
2020-03-17,MA,0.11265128978224453
2020-03-17,MD,0.11124413497589727
2020-03-17,ME,0.051214027149321315
2020-03-17,MI,0.09936270559210529
2020-03-17,MN,0.12166161117961334
2020-03-17,MO,0.13265146159075453
2020-03-17,MS,0.07128496868475993
2020-03-17,MT,0.12614088397790046
2020-03-17,NC,0.12951395759717318
2020-03-17,ND,0.14778571428571424
2020-03-17,NE,0.13458517555266558
2020-03-17,NH,0.12881649831649836
2020-03-17,NJ,0.12848593519882187
2020-03-17,NM,0.07270930232558138
2020-03-17,NV,0.06789101239669423
2020-03-17,NY,0.09219398496240583
2020-03-17,OH,0.09452164272329786
2020-03-17,OK,0.08431139471285323
2020-03-17,OR,0.07269022289766966
2020-03-17,PA,0.10609271432484198
2020-03-17,RI,0.10360968992248062
2020-03-17,SC,0.13235619524405506
2020-03-17,SD,0.09974334975369452
2020-03-17,TN,0.10053737480231958
2020-03-17,TX,0.08389415281597556
2020-03-17,UT,0.11918452115812919
2020-03-17,VA,0.0972005921539598
2020-03-17,VT,0.1235974074074075
2020-03-17,WA,0.08326727769737899
2020-03-17,WI,0.10747812692544687
2020-03-17,WV,0.11613192182410431
2020-03-17,WY,0.04829473684210527
2020-03-18,AK,0.07528780487804876
2020-03-18,AL,0.09923863453815272
2020-03-18,AR,0.06888393135725446
2020-03-18,AZ,0.051031864046733814
2020-03-18,CA,0.0700843571538821
2020-03-18,CO,0.10298709306779007
2020-03-18,CT,0.07135167785234897
2020-03-18,DE,0.04720667574931878
2020-03-18,FL,0.07196159433786514
2020-03-18,GA,0.09009511376352121
2020-03-18,HI,0.04316634050880627
2020-03-18,IA,0.08381516802906445
2020-03-18,ID,0.07376157760814259
2020-03-18,IL,0.06713220297029705
2020-03-18,IN,0.04697360878910926
2020-03-18,KS,0.11376021978021979
2020-03-18,KY,0.09979013417521718
2020-03-18,LA,0.056576205787781234
2020-03-18,MA,0.09333679948169742
2020-03-18,MD,0.08054552929085317
2020-03-18,ME,0.08021389728096681
2020-03-18,MI,0.0776206120943952
2020-03-18,MN,0.09331351351351365
2020-03-18,MO,0.06394845360824748
2020-03-18,MS,0.10488268839103865
2020-03-18,MT,0.0870111111111111
2020-03-18,NC,0.10614661087866112
2020-03-18,ND,0.06052163265306121
2020-03-18,NE,0.10873465473145766
2020-03-18,NH,0.14182749003984058
2020-03-18,NJ,0.08139789244186044
2020-03-18,NM,0.03926916426512967
2020-03-18,NV,0.06314450549450538
2020-03-18,NY,0.06968093760772093
2020-03-18,OH,0.08916218565662844
2020-03-18,OK,0.05231743542435418
2020-03-18,OR,0.047590163934426194
2020-03-18,PA,0.06753030973451342
2020-03-18,RI,0.117884962406015
2020-03-18,SC,0.10139124537607894
2020-03-18,SD,0.07080718232044199
2020-03-18,TN,0.09027175035194764
2020-03-18,TX,0.07220655994222427
2020-03-18,UT,0.06529721189591078
2020-03-18,VA,0.0824603852889665
2020-03-18,VT,0.10523201438848921
2020-03-18,WA,0.08029658572479757
2020-03-18,WI,0.08473726708074525
2020-03-18,WV,0.0732909803921568
2020-03-18,WY,0.07978881118881119
2020-03-19,AK,0.02754680851063827
2020-03-19,AL,0.09333375939849639
2020-03-19,AR,0.07406456908344715
2020-03-19,AZ,0.07277789837197832
2020-03-19,CA,0.07111230055120393
2020-03-19,CO,0.09376390788053261
2020-03-19,CT,0.11097873042044548
2020-03-19,DE,0.08560606060606059
2020-03-19,FL,0.06305858819639559
2020-03-19,GA,0.08555659303882208
2020-03-19,HI,0.05154952380952383
2020-03-19,IA,0.11040410480349346
2020-03-19,ID,0.03762399103139014
2020-03-19,IL,0.07007792928125715
2020-03-19,IN,0.057456806282722525
2020-03-19,KS,0.09961864801864792
2020-03-19,KY,0.08773017705927633
2020-03-19,LA,0.058531922196796336
2020-03-19,MA,0.08172947058823535
2020-03-19,MD,0.08902015065913363
2020-03-19,ME,0.07297275590551179
2020-03-19,MI,0.07418297180043384
2020-03-19,MN,0.1101442215438293
2020-03-19,MO,0.09614238733252133
2020-03-19,MS,0.08070363321799305
2020-03-19,MT,0.07923126760563383
2020-03-19,NC,0.12529323633503686
2020-03-19,ND,0.1259058577405858
2020-03-19,NE,0.1391057377049179
2020-03-19,NH,0.09479580419580419
2020-03-19,NJ,0.1175742682096665
2020-03-19,NM,0.06988378378378378
2020-03-19,NV,0.07009727427597957
2020-03-19,NY,0.0734178869469371
2020-03-19,OH,0.08129644970414196
2020-03-19,OK,0.038484452296819766
2020-03-19,OR,0.053952032913843005
2020-03-19,PA,0.07545780814983544
2020-03-19,RI,0.08374779116465864
2020-03-19,SC,0.08759744779582358
2020-03-19,SD,0.12194956896551726
2020-03-19,TN,0.09020463090325559
2020-03-19,TX,0.06954596827495044
2020-03-19,UT,0.09306559485530545
2020-03-19,VA,0.0806582879127927
2020-03-19,VT,0.056563924050632874
2020-03-19,WA,0.07491363258520373
2020-03-19,WI,0.09906070574162688
2020-03-19,WV,0.11788205128205134
2020-03-19,WY,0.07400913978494623
2020-03-20,AK,0.044055035971223
2020-03-20,AL,0.06666310395314783
2020-03-20,AR,0.10307688172043003
2020-03-20,AZ,0.06342315689981094
2020-03-20,CA,0.07184251210849252
2020-03-20,CO,0.10643476106194669
2020-03-20,CT,0.09825558419243977
2020-03-20,DE,0.07604937185929646
2020-03-20,FL,0.07285579834824499
2020-03-20,GA,0.08066483415233416
2020-03-20,HI,0.0486443507588533
2020-03-20,IA,0.08555004524886882
2020-03-20,ID,0.07760821596244134
2020-03-20,IL,0.07689307387862764
2020-03-20,IN,0.060734830575255784
2020-03-20,KS,0.12032642559109862
2020-03-20,KY,0.11307337482710932
2020-03-20,LA,0.07388018162393162
2020-03-20,MA,0.10227109017496647
2020-03-20,MD,0.10755415423945451
2020-03-20,ME,0.06063647214854113
2020-03-20,MI,0.08797479595168124
2020-03-20,MN,0.11296204379562055
2020-03-20,MO,0.08549485680888365
2020-03-20,MS,0.07879309153713292
2020-03-20,MT,0.10923027989821876
2020-03-20,NC,0.10763667059285434
2020-03-20,ND,0.12487276995305166
2020-03-20,NE,0.14893516949152538
2020-03-20,NH,0.1053328173374613
2020-03-20,NJ,0.11197365525672373
2020-03-20,NM,0.1069955922865014
2020-03-20,NV,0.03757957413249207
2020-03-20,NY,0.08842955812372515
2020-03-20,OH,0.06721845140032945
2020-03-20,OK,0.07034822202948812
2020-03-20,OR,0.056257789423534925
2020-03-20,PA,0.10263303145853195
2020-03-20,RI,0.12645441176470593
2020-03-20,SC,0.14236446644664466
2020-03-20,SD,0.11601948051948052
2020-03-20,TN,0.08045708069620267
2020-03-20,TX,0.08015340921066551
2020-03-20,UT,0.10387993079584766
2020-03-20,VA,0.08371337849280247
2020-03-20,VT,0.1132995305164319
2020-03-20,WA,0.08586784211828752
2020-03-20,WI,0.07911301154249738
2020-03-20,WV,0.11822955801104976
2020-03-20,WY,0.07396932515337429
2020-03-21,AK,0.03775547445255475
2020-03-21,AL,0.060720352035203505
2020-03-21,AR,0.09727720430107524
2020-03-21,AZ,0.024004605641911276
2020-03-21,CA,0.06478676000982565
2020-03-21,CO,0.07414693028095723
2020-03-21,CT,0.08013928994082845
2020-03-21,DE,0.04980771428571425
2020-03-21,FL,0.0459863930403747
2020-03-21,GA,0.054486643387167175
2020-03-21,HI,0.06709932203389837
2020-03-21,IA,0.047087482014388476
2020-03-21,ID,0.06279253246753248
2020-03-21,IL,0.07660276976341601
2020-03-21,IN,0.055503490028490046
2020-03-21,KS,0.07416408730158729
2020-03-21,KY,0.11339872340425516
2020-03-21,LA,0.08618366477272725
2020-03-21,MA,0.09647914860070944
2020-03-21,MD,0.10311202815099173
2020-03-21,ME,0.051052773375594274
2020-03-21,MI,0.0433483487450463
2020-03-21,MN,0.039274752475247365
2020-03-21,MO,0.07057376543209877
2020-03-21,MS,0.08922475728155337
2020-03-21,MT,0.10886951672862458
2020-03-21,NC,0.1039632070291049
2020-03-21,ND,0.05469692307692306
2020-03-21,NE,0.08385999999999993
2020-03-21,NH,0.10542028985507247
2020-03-21,NJ,0.07893602103418038
2020-03-21,NM,0.09010233463035026
2020-03-21,NV,0.02593590308370047
2020-03-21,NY,0.07043005366726252
2020-03-21,OH,0.07647230599485115
2020-03-21,OK,0.05613147914032868
2020-03-21,OR,0.0352023915461624
2020-03-21,PA,0.07038601376720911
2020-03-21,RI,0.13410301507537684
2020-03-21,SC,0.11414525993883794
2020-03-21,SD,0.03797340425531914
2020-03-21,TN,0.07186782065834257
2020-03-21,TX,0.07082436974789917
2020-03-21,UT,0.08363115015974437
2020-03-21,VA,0.061274393305439316
2020-03-21,VT,0.029081227436823124
2020-03-21,WA,0.0767113586559531
2020-03-21,WI,0.05368860465116264
2020-03-21,WV,0.13754377224199302
2020-03-21,WY,0.10841090909090907
2020-03-22,AK,0.08486799999999997
2020-03-22,AL,0.05891166448230667
2020-03-22,AR,0.1267235436893204
2020-03-22,AZ,0.04410374909877431
2020-03-22,CA,0.052607451564828635
2020-03-22,CO,0.05572750309023494
2020-03-22,CT,0.047951878612716756
2020-03-22,DE,0.06748618421052623
2020-03-22,FL,0.044326838966202854
2020-03-22,GA,0.07402571580063627
2020-03-22,HI,0.06043928571428578
2020-03-22,IA,0.10889566666666674
2020-03-22,ID,0.032776923076923106
2020-03-22,IL,0.04680382066276801
2020-03-22,IN,0.04833312535450928
2020-03-22,KS,0.05323392630241422
2020-03-22,KY,0.11630937500000002
2020-03-22,LA,0.07959699499165278
2020-03-22,MA,0.08686748201438858
2020-03-22,MD,0.08346532999164559
2020-03-22,ME,0.011831712062256805
2020-03-22,MI,0.07028224043715846
2020-03-22,MN,0.05876131805157586
2020-03-22,MO,0.08889556650246304
2020-03-22,MS,0.051758285714285715
2020-03-22,MT,0.10677457627118651
2020-03-22,NC,0.0958883652430044
2020-03-22,ND,0.13116999999999998
2020-03-22,NE,0.10122715517241374
2020-03-22,NH,0.004890647482014401
2020-03-22,NJ,0.12975655241935477
2020-03-22,NM,0.03922690355329947
2020-03-22,NV,0.06469000000000001
2020-03-22,NY,0.06638418485833719
2020-03-22,OH,0.05682764456981669
2020-03-22,OK,0.07949782923299557
2020-03-22,OR,0.0008848400556328254
2020-03-22,PA,0.07380785276073623
2020-03-22,RI,0.08535147928994086
2020-03-22,SC,0.06708054298642538
2020-03-22,SD,0.08889809523809523
2020-03-22,TN,0.10346654518950422
2020-03-22,TX,0.056330297269270385
2020-03-22,UT,0.05354944000000002
2020-03-22,VA,0.03947109174782164
2020-03-22,VT,0.08815051546391756
2020-03-22,WA,0.05680242785158044
2020-03-22,WI,0.06175195979899491
2020-03-22,WV,0.06666717948717958
2020-03-22,WY,-0.0042021739130434724
2020-03-23,AK,0.08227479338842972
2020-03-23,AL,0.09039484797297295
2020-03-23,AR,0.10594259259259259
2020-03-23,AZ,0.06860234933605693
2020-03-23,CA,0.08290111842105288
2020-03-23,CO,0.0815438611346316
2020-03-23,CT,0.08044405204460965
2020-03-23,DE,0.0673358006042297
2020-03-23,FL,0.07789623516320458
2020-03-23,GA,0.08632578767123296
2020-03-23,HI,0.09508080357142858
2020-03-23,IA,0.07446532416502946
2020-03-23,ID,0.057419647355163785
2020-03-23,IL,0.10035682291666657
2020-03-23,IN,0.05136182310469327
2020-03-23,KS,0.11055880758807582
2020-03-23,KY,0.10527585365853664
2020-03-23,LA,0.07308609143593035
2020-03-23,MA,0.09136842105263156
2020-03-23,MD,0.09079234449760762
2020-03-23,ME,0.057939875389408126
2020-03-23,MI,0.09100729709605361
2020-03-23,MN,0.10672511436413556
2020-03-23,MO,0.09424514824797846
2020-03-23,MS,0.07647655038759688
2020-03-23,MT,0.0886735384615385
2020-03-23,NC,0.09931510204081634
2020-03-23,ND,0.1635852040816327
2020-03-23,NE,0.09130645695364233
2020-03-23,NH,0.09195000000000007
2020-03-23,NJ,0.09797562457798777
2020-03-23,NM,0.05393465346534652
2020-03-23,NV,0.06422598499061918
2020-03-23,NY,0.08514714262586996
2020-03-23,OH,0.09816119685039365
2020-03-23,OK,0.10146425389755018
2020-03-23,OR,0.045997300275482135
2020-03-23,PA,0.10666804670912913
2020-03-23,RI,0.13123663793103452
2020-03-23,SC,0.11785504587155964
2020-03-23,SD,0.156537619047619
2020-03-23,TN,0.10589096238397669
2020-03-23,TX,0.07028579798751765
2020-03-23,UT,0.060447639484978465
2020-03-23,VA,0.0906903324287652
2020-03-23,VT,0.09232482269503547
2020-03-23,WA,0.06625041831792158
2020-03-23,WI,0.121001719745223
2020-03-23,WV,0.16714389312977085
2020-03-23,WY,0.12870719999999997
2020-03-24,AK,0.039878666666666666
2020-03-24,AL,0.06993705583756339
2020-03-24,AR,0.045397946287519815
2020-03-24,AZ,0.05424738859607074
2020-03-24,CA,0.07409169500909608
2020-03-24,CO,0.08536843598055112
2020-03-24,CT,0.10185962487660398
2020-03-24,DE,0.07333012552301246
2020-03-24,FL,0.06291319753509064
2020-03-24,GA,0.07416619902120725
2020-03-24,HI,0.003956640625000001
2020-03-24,IA,0.12693517110266167
2020-03-24,ID,0.055368407960198956
2020-03-24,IL,0.0883140410070077
2020-03-24,IN,0.047545341040462354
2020-03-24,KS,0.09851189236111103
2020-03-24,KY,0.12510162469536962
2020-03-24,LA,0.06440447074293214
2020-03-24,MA,0.08965060975609754
2020-03-24,MD,0.09238617183528224
2020-03-24,ME,0.05292495867768599
2020-03-24,MI,0.07875166408668748
2020-03-24,MN,0.10240754627432362
2020-03-24,MO,0.07845086705202303
2020-03-24,MS,0.05484612326043749
2020-03-24,MT,0.07079415041782726
2020-03-24,NC,0.10198140016570037
2020-03-24,ND,0.1387867841409692
2020-03-24,NE,0.12475988857938729
2020-03-24,NH,0.09336051660516609
2020-03-24,NJ,0.10302804154302692
2020-03-24,NM,0.020046556473829198
2020-03-24,NV,0.04823295154185018
2020-03-24,NY,0.06143778083447954
2020-03-24,OH,0.08042087393901286
2020-03-24,OK,0.09208764150943394
2020-03-24,OR,0.03826316059517683
2020-03-24,PA,0.08785841184387638
2020-03-24,RI,0.10104907749077487
2020-03-24,SC,0.1263281602002504
2020-03-24,SD,0.11614786729857829
2020-03-24,TN,0.0871123069257599
2020-03-24,TX,0.06764814640461353
2020-03-24,UT,0.08226060240963842
2020-03-24,VA,0.05875146771037184
2020-03-24,VT,0.04547685950413223
2020-03-24,WA,0.054409604519773974
2020-03-24,WI,0.10557760545905703
2020-03-24,WV,0.13676479289940824
2020-03-24,WY,0.08426515151515152
2020-03-25,AK,0.026380597014925365
2020-03-25,AL,0.05283928571428568
2020-03-25,AR,0.10383423271500847
2020-03-25,AZ,0.07282580961727203
2020-03-25,CA,0.07835135114503844
2020-03-25,CO,0.08401101629169891
2020-03-25,CT,0.11268113207547169
2020-03-25,DE,0.06624935622317603
2020-03-25,FL,0.08740219003885502
2020-03-25,GA,0.10394356193142049
2020-03-25,HI,-0.009954647435897428
2020-03-25,IA,0.0699500907441016
2020-03-25,ID,0.05512337349397588
2020-03-25,IL,0.08933413985642111
2020-03-25,IN,0.06119802899864074
2020-03-25,KS,0.11839912357581052
2020-03-25,KY,0.1377163547599674
2020-03-25,LA,0.06475392354124732
2020-03-25,MA,0.12320875039345264
2020-03-25,MD,0.10426914628057911
2020-03-25,ME,0.03666927899686522
2020-03-25,MI,0.08774201680672276
2020-03-25,MN,0.09459995383194866
2020-03-25,MO,0.06657251344086015
2020-03-25,MS,0.03161347248576852
2020-03-25,MT,0.13648779761904772
2020-03-25,NC,0.11812650655021849
2020-03-25,ND,0.06774391143911444
2020-03-25,NE,0.10360772357723581
2020-03-25,NH,0.12939515418502204
2020-03-25,NJ,0.10242150170648454
2020-03-25,NM,-0.01071677018633541
2020-03-25,NV,0.04579022185702547
2020-03-25,NY,0.08473595074364262
2020-03-25,OH,0.09951538990037792
2020-03-25,OK,0.0407479371316307
2020-03-25,OR,0.03208917929952958
2020-03-25,PA,0.09003644810193763
2020-03-25,RI,0.09386887966804981
2020-03-25,SC,0.11724603381014304
2020-03-25,SD,0.13567444444444454
2020-03-25,TN,0.06967147087857836
2020-03-25,TX,0.07805828832073014
2020-03-25,UT,0.11529951923076907
2020-03-25,VA,0.09477745664739877
2020-03-25,VT,0.10633694029850745
2020-03-25,WA,0.07825945907674886
2020-03-25,WI,0.08431309192200553
2020-03-25,WV,0.21882037617554864
2020-03-25,WY,0.08071284916201119
2020-03-26,AK,0.11229424460431647
2020-03-26,AL,0.040512771084337325
2020-03-26,AR,0.07354687975646881
2020-03-26,AZ,0.04409917153996093
2020-03-26,CA,0.06689996206373326
2020-03-26,CO,0.09193831217326387
2020-03-26,CT,0.06798287435456105
2020-03-26,DE,0.04140416047548295
2020-03-26,FL,0.06713119538334737
2020-03-26,GA,0.08127980412022978
2020-03-26,HI,0.015073840445269014
2020-03-26,IA,0.12315637254901964
2020-03-26,ID,0.04675853658536587
2020-03-26,IL,0.07938983759842515
2020-03-26,IN,0.03525672554347831
2020-03-26,KS,0.09347417162276968
2020-03-26,KY,0.09925370506236238
2020-03-26,LA,0.0530786717752234
2020-03-26,MA,0.10035357142857136
2020-03-26,MD,0.09541341807909605
2020-03-26,ME,0.04077826086956522
2020-03-26,MI,0.07428758765778413
2020-03-26,MN,0.10554314882032668
2020-03-26,MO,0.08884381578947376
2020-03-26,MS,0.05663663194444446
2020-03-26,MT,0.07120615384615388
2020-03-26,NC,0.10423064307293917
2020-03-26,ND,0.10202142857142858
2020-03-26,NE,0.10085926966292133
2020-03-26,NH,0.06841285714285715
2020-03-26,NJ,0.07913122807017543
2020-03-26,NM,0.06176261682242989
2020-03-26,NV,0.026993695271453646
2020-03-26,NY,0.07648897366846208
2020-03-26,OH,0.08694506132989062
2020-03-26,OK,0.07684824654622745
2020-03-26,OR,0.06250345717234257
2020-03-26,PA,0.06721585976627732
2020-03-26,RI,0.07562559999999997
2020-03-26,SC,0.09304185493460156
2020-03-26,SD,0.05966759776536311
2020-03-26,TN,0.0776961395348838
2020-03-26,TX,0.06244220920886424
2020-03-26,UT,0.1181669652855543
2020-03-26,VA,0.08090494983277609
2020-03-26,VT,0.05568641509433961
2020-03-26,WA,0.07252101742160258
2020-03-26,WI,0.08288019672131143
2020-03-26,WV,0.08212006920415225
2020-03-26,WY,0.11354748201438844
2020-03-27,AK,0.04758894009216591
2020-03-27,AL,0.07980816653322648
2020-03-27,AR,0.06287295918367349
2020-03-27,AZ,0.05126596032461665
2020-03-27,CA,0.0630547076605469
2020-03-27,CO,0.07994555122297085
2020-03-27,CT,0.08524971804511274
2020-03-27,DE,0.04181504539559017
2020-03-27,FL,0.053650644067796426
2020-03-27,GA,0.06505676202860876
2020-03-27,HI,0.03508149606299213
2020-03-27,IA,0.08577561669829208
2020-03-27,ID,0.03419883990719258
2020-03-27,IL,0.08080576102418206
2020-03-27,IN,0.05011836954183695
2020-03-27,KS,0.0957286683630195
2020-03-27,KY,0.11610841194968553
2020-03-27,LA,0.08467296457426976
2020-03-27,MA,0.09041517857142858
2020-03-27,MD,0.10194065196548412
2020-03-27,ME,0.024489881734559796
2020-03-27,MI,0.06270824611481127
2020-03-27,MN,0.09855727314181503
2020-03-27,MO,0.10054735772357726
2020-03-27,MS,0.12307916666666666
2020-03-27,MT,0.009634474327628357
2020-03-27,NC,0.1109041794984606
2020-03-27,ND,0.07684415584415588
2020-03-27,NE,0.04727022900763363
2020-03-27,NH,0.1367617187500001
2020-03-27,NJ,0.09794456733897199
2020-03-27,NM,0.06522885714285719
2020-03-27,NV,0.03733474347434744
2020-03-27,NY,0.0678450394417472
2020-03-27,OH,0.07694044047239071
2020-03-27,OK,0.07075453586497897
2020-03-27,OR,0.01711601708489045
2020-03-27,PA,0.0997808572949944
2020-03-27,RI,0.10040516605166055
2020-03-27,SC,0.10123012987013005
2020-03-27,SD,0.1027683333333333
2020-03-27,TN,0.08420286546867416
2020-03-27,TX,0.07596728250701582
2020-03-27,UT,0.09351385927505347
2020-03-27,VA,0.08684169562195972
2020-03-27,VT,0.11019444444444443
2020-03-27,WA,0.06222866959064301
2020-03-27,WI,0.06495340114431007
2020-03-27,WV,0.08002027972027971
2020-03-27,WY,0.12891466666666665
2020-03-28,AK,0.07527068965517249
2020-03-28,AL,0.05085405742821471
2020-03-28,AR,0.14720345572354218
2020-03-28,AZ,0.03689801849405553
2020-03-28,CA,0.04584314891929404
2020-03-28,CO,0.07618259493670887
2020-03-28,CT,0.07179804432855283
2020-03-28,DE,0.03916435185185193
2020-03-28,FL,0.04433382134521557
2020-03-28,GA,0.0722094827586207
2020-03-28,HI,0.022073752711496763
2020-03-28,IA,0.07412924961715157
2020-03-28,ID,0.050129260450160786
2020-03-28,IL,0.06347854569276125
2020-03-28,IN,0.02959745856353589
2020-03-28,KS,0.06566621787025696
2020-03-28,KY,0.08501554285714284
2020-03-28,LA,0.046289842381786385
2020-03-28,MA,0.0703026387625114
2020-03-28,MD,0.05385718349928878
2020-03-28,ME,0.06307421383647802
2020-03-28,MI,0.052747119518486686
2020-03-28,MN,0.0773271911663216
2020-03-28,MO,0.0709663594470045
2020-03-28,MS,0.05749352517985613
2020-03-28,MT,-0.02253708609271522
2020-03-28,NC,0.0736612044817926
2020-03-28,ND,0.1126169014084507
2020-03-28,NE,0.09996252873563222
2020-03-28,NH,0.11585466666666669
2020-03-28,NJ,0.09275018281535621
2020-03-28,NM,0.024209205020920513
2020-03-28,NV,0.05604695431472082
2020-03-28,NY,0.05093345535895877
2020-03-28,OH,0.0747027118644069
2020-03-28,OK,0.07696544502617798
2020-03-28,OR,0.02235050916496947
2020-03-28,PA,0.07691099071207438
2020-03-28,RI,-0.026543715846994515
2020-03-28,SC,0.019653921568627424
2020-03-28,SD,0.1011129629629629
2020-03-28,TN,0.06499036697247706
2020-03-28,TX,0.06627494484714783
2020-03-28,UT,0.08828200899550218
2020-03-28,VA,0.06436382198952863
2020-03-28,VT,0.10771104651162797
2020-03-28,WA,0.045655685131195486
2020-03-28,WI,0.07083203203203198
2020-03-28,WV,0.034182681564245816
2020-03-28,WY,0.06731188118811882
2020-03-29,AK,0.08683197969543148
2020-03-29,AL,0.005504878048780483
2020-03-29,AR,0.048469857433808564
2020-03-29,AZ,0.012741851106639859
2020-03-29,CA,0.022188752372390395
2020-03-29,CO,0.04393952062430319
2020-03-29,CT,0.026992931937172795
2020-03-29,DE,0.010399538461538462
2020-03-29,FL,0.0024255649091714923
2020-03-29,GA,0.019400088731144623
2020-03-29,HI,0.030994893617021235
2020-03-29,IA,0.0366830630630631
2020-03-29,ID,0.04513101045296167
2020-03-29,IL,0.049222600000000026
2020-03-29,IN,0.01917032803180913
2020-03-29,KS,0.040900503778337545
2020-03-29,KY,0.08514729166666676
2020-03-29,LA,0.025798573825503397
2020-03-29,MA,0.059216547406082246
2020-03-29,MD,0.018301450189155133
2020-03-29,ME,0.007963953488372085
2020-03-29,MI,0.03123707770270262
2020-03-29,MN,0.04311369450714817
2020-03-29,MO,0.03830451807228917
2020-03-29,MS,0.03370300300300299
2020-03-29,MT,-0.022319230769230765
2020-03-29,NC,0.030442809364548525
2020-03-29,ND,0.1462694214876033
2020-03-29,NE,0.057455698924731194
2020-03-29,NH,0.07678888888888888
2020-03-29,NJ,0.053436749769159665
2020-03-29,NM,0.0028703349282296607
2020-03-29,NV,-0.0005761723700887216
2020-03-29,NY,0.017889587313717963
2020-03-29,OH,0.03971326086956522
2020-03-29,OK,0.051545174825174844
2020-03-29,OR,0.0008160677966101794
2020-03-29,PA,0.01810833031510323
2020-03-29,RI,0.019030208333333336
2020-03-29,SC,0.0743115009746589
2020-03-29,SD,0.07837263157894737
2020-03-29,TN,0.039258906882591066
2020-03-29,TX,0.027595495640942862
2020-03-29,UT,0.07204206219312596
2020-03-29,VA,0.014944523688232323
2020-03-29,VT,0.050799038461538465
2020-03-29,WA,0.026273381911701636
2020-03-29,WI,0.020632560483870997
2020-03-29,WV,0.0207819383259912
2020-03-29,WY,0.0386641975308642
2020-03-30,AK,0.023023012552301287
2020-03-30,AL,0.0708162185602774
2020-03-30,AR,0.04211077943615259
2020-03-30,AZ,0.04927243975903609
2020-03-30,CA,0.06563497204100653
2020-03-30,CO,0.09054228769497423
2020-03-30,CT,0.08428818493150692
2020-03-30,DE,0.03679074550128539
2020-03-30,FL,0.06210071606994175
2020-03-30,GA,0.06723612447866555
2020-03-30,HI,0.04593040935672524
2020-03-30,IA,0.1216758169934641
2020-03-30,ID,0.0630663956639566
2020-03-30,IL,0.10125782197429051
2020-03-30,IN,0.049758795390302424
2020-03-30,KS,0.09384448529411742
2020-03-30,KY,0.11457869362363916
2020-03-30,LA,0.050457799352750785
2020-03-30,MA,0.09921932106599009
2020-03-30,MD,0.09818815439219178
2020-03-30,ME,0.028502507374631267
2020-03-30,MI,0.062299453365220483
2020-03-30,MN,0.08333791469194303
2020-03-30,MO,0.08474524635669664
2020-03-30,MS,0.03296205607476636
2020-03-30,MT,0.013007819905213271
2020-03-30,NC,0.09685197215777283
2020-03-30,ND,0.1272673076923077
2020-03-30,NE,0.1410950724637681
2020-03-30,NH,0.1076050847457627
2020-03-30,NJ,0.09085267224726333
2020-03-30,NM,0.09480095541401276
2020-03-30,NV,0.051697790994052605
2020-03-30,NY,0.0770240668119098
2020-03-30,OH,0.05923840494408488
2020-03-30,OK,0.09082071759259243
2020-03-30,OR,0.03899143968871589
2020-03-30,PA,0.0927995868835527
2020-03-30,RI,0.1378556034482759
2020-03-30,SC,0.09769446640316208
2020-03-30,SD,0.027736915887850492
2020-03-30,TN,0.050477302025782655
2020-03-30,TX,0.056873266499582346
2020-03-30,UT,0.09478580481622315
2020-03-30,VA,0.08533092269326704
2020-03-30,VT,0.055246792452830165
2020-03-30,WA,0.06371769425675684
2020-03-30,WI,0.08659150453955902
2020-03-30,WV,0.13404204946996462
2020-03-30,WY,0.06626438356164381
2020-03-31,AK,-0.0035047413793103297
2020-03-31,AL,0.06164018264840191
2020-03-31,AR,0.05182761437908505
2020-03-31,AZ,0.04130336633663355
2020-03-31,CA,0.05987811694902004
2020-03-31,CO,0.08098202348690166
2020-03-31,CT,0.08437052810902879
2020-03-31,DE,0.05879685264663803
2020-03-31,FL,0.03894240026931516
2020-03-31,GA,0.056938574774171975
2020-03-31,HI,0.03796721991701246
2020-03-31,IA,0.11094230377166135
2020-03-31,ID,0.035470707070707104
2020-03-31,IL,0.06404618708693441
2020-03-31,IN,0.03572767154105742
2020-03-31,KS,0.0981815118397084
2020-03-31,KY,0.08623378264532432
2020-03-31,LA,0.04886980365605954
2020-03-31,MA,0.11418133333333326
2020-03-31,MD,0.08346912980068069
2020-03-31,ME,0.040622782874617756
2020-03-31,MI,0.07829052880820848
2020-03-31,MN,0.06359726747241189
2020-03-31,MO,0.10239623168178652
2020-03-31,MS,0.04382825651302612
2020-03-31,MT,0.055121243523316064
2020-03-31,NC,0.09847420353982327
2020-03-31,ND,0.09105796460176997
2020-03-31,NE,0.12487847328244257
2020-03-31,NH,0.11510783582089551
2020-03-31,NJ,0.08678830995323976
2020-03-31,NM,0.0488520295202952
2020-03-31,NV,0.039734203420342076
2020-03-31,NY,0.05866530853262474
2020-03-31,OH,0.08263603754609467
2020-03-31,OK,0.08579036585365854
2020-03-31,OR,0.035456885245901584
2020-03-31,PA,0.07151984081864705
2020-03-31,RI,0.08823253968253968
2020-03-31,SC,0.103609242618742
2020-03-31,SD,0.1195784431137725
2020-03-31,TN,0.06158795285901347
2020-03-31,TX,0.06612031881989056
2020-03-31,UT,0.07506143712574852
2020-03-31,VA,0.06582638558313528
2020-03-31,VT,0.06193771186440678
2020-03-31,WA,0.057825728715728816
2020-03-31,WI,0.06585578231292513
2020-03-31,WV,0.15858285714285716
2020-03-31,WY,0.08762238805970152
